,experiment,plate,channel,mean,std
0,HEPG2-01,1,1,39.467010981076726,34.3704234776944
1,HEPG2-01,1,2,26.966026268996202,13.966368842626409
2,HEPG2-01,1,3,35.90841215307062,18.005503745077192
3,HEPG2-01,1,4,41.15261697149896,20.296742077132937
4,HEPG2-01,1,5,43.43916626100416,25.94608627374989
5,HEPG2-01,1,6,31.482806441071745,15.336340383586462
6,HEPG2-01,2,1,34.896736008780344,31.25178687094721
7,HEPG2-01,2,2,25.662791307870442,13.558544509018947
8,HEPG2-01,2,3,32.490000254148015,16.70555842392723
9,HEPG2-01,2,4,38.3932019766275,19.721244704787285
10,HEPG2-01,2,5,41.516132137992166,25.616434060904442
11,HEPG2-01,2,6,30.3714879890541,15.009583419722647
12,HEPG2-01,3,1,37.14479840885509,33.21348280069965
13,HEPG2-01,3,2,26.170366751683222,13.886271040109436
14,HEPG2-01,3,3,33.190298290995806,16.816442305027604
15,HEPG2-01,3,4,39.24482349296669,19.635398535606882
16,HEPG2-01,3,5,45.196445081141086,27.087804311696924
17,HEPG2-01,3,6,29.594247031521487,14.495065952242674
18,HEPG2-01,4,1,40.28315542270611,34.49455039168566
19,HEPG2-01,4,2,26.800610610416957,13.59975942724315
20,HEPG2-01,4,3,37.3066318809212,18.4088572268372
21,HEPG2-01,4,4,41.26571434194391,19.976623894730558
22,HEPG2-01,4,5,45.710623778306044,26.559400254115612
23,HEPG2-01,4,6,31.76886886126035,15.217208891507282
24,HEPG2-02,1,1,30.999754812810327,31.25027950562813
25,HEPG2-02,1,2,26.97359087560084,16.422044848714435
26,HEPG2-02,1,3,27.79570030237173,14.814256431189648
27,HEPG2-02,1,4,45.09265876745249,27.190839934716784
28,HEPG2-02,1,5,30.29325802295239,18.9616498818197
29,HEPG2-02,1,6,31.191093760651427,16.94721803830378
30,HEPG2-02,2,1,33.627107044319054,33.87438556642877
31,HEPG2-02,2,2,27.371779454218878,16.857997824138018
32,HEPG2-02,2,3,28.70230739147632,15.57464681610325
33,HEPG2-02,2,4,46.55471498315985,28.018319288074043
34,HEPG2-02,2,5,29.197156076307422,18.64569015998536
35,HEPG2-02,2,6,30.303904725359633,16.86525274226398
36,HEPG2-02,3,1,35.03052920799751,34.3907553718639
37,HEPG2-02,3,2,26.927955101062725,16.008782677604838
38,HEPG2-02,3,3,30.775943787066968,16.263778278844008
39,HEPG2-02,3,4,46.10442333097582,26.620250293927793
40,HEPG2-02,3,5,33.79101480137218,20.760895610408646
41,HEPG2-02,3,6,30.751256979905165,16.433324195341285
42,HEPG2-02,4,1,33.96289902848083,32.626381646771314
43,HEPG2-02,4,2,27.242089531638406,15.452385132520151
44,HEPG2-02,4,3,31.055237132233458,15.862091581815088
45,HEPG2-02,4,4,46.29194895013586,25.985933933713827
46,HEPG2-02,4,5,36.72633830603067,22.182979316478875
47,HEPG2-02,4,6,32.330211212108665,16.543085294994267
48,HEPG2-03,1,1,13.207907125547335,18.21085092506107
49,HEPG2-03,1,2,12.94978989563979,11.456751631553994
50,HEPG2-03,1,3,10.207021137336632,6.3226581057140905
51,HEPG2-03,1,4,18.173615721913126,15.102564570578329
52,HEPG2-03,1,5,4.06816240409752,3.3591826098557593
53,HEPG2-03,1,6,11.622623084427474,8.09740284326082
54,HEPG2-03,2,1,13.278490766302331,18.140501177614055
55,HEPG2-03,2,2,13.487857824796206,11.656666619501461
56,HEPG2-03,2,3,10.002412393495634,5.959331754012661
57,HEPG2-03,2,4,18.751958425942952,15.073434528699186
58,HEPG2-03,2,5,4.204713920494179,3.370202215914803
59,HEPG2-03,2,6,11.305317098444158,7.72456212569555
60,HEPG2-03,3,1,12.177704309488272,16.46847745618724
61,HEPG2-03,3,2,12.624925136566162,10.926841248946138
62,HEPG2-03,3,3,10.411648428285277,6.223852539109279
63,HEPG2-03,3,4,17.355898126379238,14.249004152720246
64,HEPG2-03,3,5,4.323059478363433,3.3916279211039284
65,HEPG2-03,3,6,12.020141304313363,7.961911365156427
66,HEPG2-03,4,1,12.96851615781908,17.703457104791227
67,HEPG2-03,4,2,12.814711001012233,11.250049118301385
68,HEPG2-03,4,3,10.407375422391025,6.332481959542511
69,HEPG2-03,4,4,17.938691163991955,14.686339240159615
70,HEPG2-03,4,5,4.507609478839032,3.5055296535045484
71,HEPG2-03,4,6,11.475597480674843,7.850202375276538
72,HEPG2-04,1,1,5.81710384418438,8.674736553254919
73,HEPG2-04,1,2,10.657150249976617,9.983336175417675
74,HEPG2-04,1,3,8.693408538768818,5.363755321707172
75,HEPG2-04,1,4,6.670306050932252,5.663193380545951
76,HEPG2-04,1,5,3.7916558872569692,2.9171062724931236
77,HEPG2-04,1,6,9.978114889813709,7.156890602424922
78,HEPG2-04,2,1,6.184764199442678,9.11633814508575
79,HEPG2-04,2,2,10.994195622283144,10.276437707098303
80,HEPG2-04,2,3,9.062762285207773,5.619844497514821
81,HEPG2-04,2,4,6.891903425191904,5.832586827832207
82,HEPG2-04,2,5,3.90807039706738,2.986822536623478
83,HEPG2-04,2,6,10.278777772730047,7.280375606378118
84,HEPG2-04,3,1,6.1210299095550145,9.096054058227065
85,HEPG2-04,3,2,10.872399385873374,10.201271619274278
86,HEPG2-04,3,3,9.679818964623786,5.880326751619527
87,HEPG2-04,3,4,6.705625001486245,5.678942365084985
88,HEPG2-04,3,5,3.7740061190221215,2.8566325012463643
89,HEPG2-04,3,6,10.322669332677668,7.297428736516328
90,HEPG2-04,4,1,5.910129695743709,8.794975366589064
91,HEPG2-04,4,2,10.984603281144972,10.388469838447438
92,HEPG2-04,4,3,9.16976936761435,5.672424563062944
93,HEPG2-04,4,4,6.939510419771269,5.953872814653045
94,HEPG2-04,4,5,4.0697417878485345,3.2107703835452557
95,HEPG2-04,4,6,10.551569084068397,7.4073488094628175
96,HEPG2-05,1,1,3.1043879830992065,5.1644795103466565
97,HEPG2-05,1,2,7.727623840431114,8.020435180371
98,HEPG2-05,1,3,5.531703880855015,4.361725726642582
99,HEPG2-05,1,4,5.775121979899221,5.880972433719036
100,HEPG2-05,1,5,2.2233536645963596,2.651800963433028
101,HEPG2-05,1,6,4.570027524774725,3.562216712655047
102,HEPG2-05,2,1,3.535033795740697,6.1572159141509575
103,HEPG2-05,2,2,9.61306652465424,9.854801790935179
104,HEPG2-05,2,3,5.885611038703423,4.794024924178181
105,HEPG2-05,2,4,5.556336762069107,5.634912167192306
106,HEPG2-05,2,5,2.5681003781108114,3.040072492102063
107,HEPG2-05,2,6,4.7867711426375745,3.8231061011260983
108,HEPG2-05,3,1,4.008655455205347,6.650734307718515
109,HEPG2-05,3,2,11.33226372359635,10.994644870065125
110,HEPG2-05,3,3,6.54383456861818,5.060640124288267
111,HEPG2-05,3,4,6.643288655714556,6.347567488491051
112,HEPG2-05,3,5,2.3575059965059353,2.691753935289475
113,HEPG2-05,3,6,5.4643852308199,4.176469931492347
114,HEPG2-05,4,1,4.361613310776748,7.144826464920631
115,HEPG2-05,4,2,9.439417839050293,9.431831008219927
116,HEPG2-05,4,3,7.9112320255923585,5.979146250323143
117,HEPG2-05,4,4,6.202846756229153,6.045671551693989
118,HEPG2-05,4,5,2.5939022225218933,3.0297023400791203
119,HEPG2-05,4,6,5.6215411533008925,4.3470248229457376
120,HEPG2-06,1,1,7.62417374028788,10.091262676283366
121,HEPG2-06,1,2,16.313475937038273,12.879123939166837
122,HEPG2-06,1,3,11.691547369028067,7.23564943022313
123,HEPG2-06,1,4,11.306739076391443,8.567042049056333
124,HEPG2-06,1,5,4.15639269816411,3.5838431496067273
125,HEPG2-06,1,6,8.945689418099143,5.433840354724778
126,HEPG2-06,2,1,5.3822659455336535,7.131544302402533
127,HEPG2-06,2,2,13.022940196000137,10.501355753381706
128,HEPG2-06,2,3,8.371223177228655,5.340391225529016
129,HEPG2-06,2,4,10.418401637634673,8.05934401527211
130,HEPG2-06,2,5,4.222821879696537,3.7865001477856195
131,HEPG2-06,2,6,7.261492314276757,4.509135778709885
132,HEPG2-06,3,1,6.882941450391497,9.207003371058521
133,HEPG2-06,3,2,17.878158042957256,14.47606007403751
134,HEPG2-06,3,3,9.58564500684862,6.253082690259409
135,HEPG2-06,3,4,11.272377540538837,8.759431639640376
136,HEPG2-06,3,5,4.790826865604946,4.27772582469751
137,HEPG2-06,3,6,8.454454979339204,5.34234221109355
138,HEPG2-06,4,1,7.064346053383567,9.598749250932409
139,HEPG2-06,4,2,15.348289136762743,12.543732948347007
140,HEPG2-06,4,3,11.616245313124223,7.504036187319542
141,HEPG2-06,4,4,10.662095280436727,8.342623523751259
142,HEPG2-06,4,5,4.435054314600957,4.224743470209203
143,HEPG2-06,4,6,8.723172968084162,5.563464232313789
144,HEPG2-07,1,1,4.513957147474413,6.013236366487366
145,HEPG2-07,1,2,14.984662297484162,11.874505222176463
146,HEPG2-07,1,3,6.529771730497286,3.6698716250812127
147,HEPG2-07,1,4,7.761796876981661,5.792374096384492
148,HEPG2-07,1,5,4.037135427648371,3.428519740657915
149,HEPG2-07,1,6,6.076272846816422,3.425275592439381
150,HEPG2-07,2,1,3.3319774963180095,4.5077599707293725
151,HEPG2-07,2,2,12.816946936740937,10.439943018326778
152,HEPG2-07,2,3,5.886702466088708,3.3934116881784955
153,HEPG2-07,2,4,7.188987228691772,5.4724547789283635
154,HEPG2-07,2,5,4.026286221482467,3.6582790084111685
155,HEPG2-07,2,6,5.162528370413019,2.9567015505897403
156,HEPG2-07,3,1,4.446783053410518,6.519879206810565
157,HEPG2-07,3,2,12.899789512931527,11.049631890097514
158,HEPG2-07,3,3,6.188672703581971,3.7283851376125487
159,HEPG2-07,3,4,7.409594244771189,5.9290516577812475
160,HEPG2-07,3,5,3.9098983182535543,3.5839666931141747
161,HEPG2-07,3,6,5.286953306817389,3.1472278662279303
162,HEPG2-07,4,1,4.199395822779752,5.736717047674923
163,HEPG2-07,4,2,12.229720634435598,9.945666506392888
164,HEPG2-07,4,3,6.189542776598604,3.5611445373920385
165,HEPG2-07,4,4,7.166550011898873,5.427554437305017
166,HEPG2-07,4,5,4.3716795545447535,3.820533710124016
167,HEPG2-07,4,6,5.404947336799547,3.070218467720531
168,HEPG2-08,1,1,4.86985326742197,5.931453100390689
169,HEPG2-08,1,2,20.09984755825687,15.793860129795656
170,HEPG2-08,1,3,10.34206856690444,6.096417838412158
171,HEPG2-08,1,4,10.504104546138219,7.597876943227809
172,HEPG2-08,1,5,11.955453030474775,8.23994487520758
173,HEPG2-08,1,6,8.015587397984095,4.43757892129961
174,HEPG2-08,2,1,3.5603167484332987,4.352283698438747
175,HEPG2-08,2,2,16.097298070981903,12.441083277085651
176,HEPG2-08,2,3,10.154333133202094,6.100372843661093
177,HEPG2-08,2,4,8.89200073712832,6.354533830237877
178,HEPG2-08,2,5,11.862308285453103,8.22286576893025
179,HEPG2-08,2,6,7.947984398185433,4.485785037522027
180,HEPG2-08,3,1,4.629037033427846,5.738161570370638
181,HEPG2-08,3,2,18.779582915368017,14.808056031225675
182,HEPG2-08,3,3,9.930605944100913,5.975943659500998
183,HEPG2-08,3,4,9.773550361781925,7.115123320157534
184,HEPG2-08,3,5,11.716720234264027,8.532633865177772
185,HEPG2-08,3,6,7.509222612752543,4.3354946657497955
186,HEPG2-08,4,1,3.0632370380314633,3.8924007863041976
187,HEPG2-08,4,2,14.952689248498178,11.493753136425752
188,HEPG2-08,4,3,9.132319596380675,5.326655307833641
189,HEPG2-08,4,4,8.100798262058717,5.743871944675033
190,HEPG2-08,4,5,9.936012230789235,6.869742960507913
191,HEPG2-08,4,6,7.011216812879333,3.924242316602862
192,HEPG2-09,1,1,2.4242374246770684,4.042136891099777
193,HEPG2-09,1,2,7.853144614727466,8.14292733350477
194,HEPG2-09,1,3,5.000837103112952,3.496798244653247
195,HEPG2-09,1,4,3.7359816068178646,3.5400741683841015
196,HEPG2-09,1,5,2.9587849455994446,2.9242818896823715
197,HEPG2-09,1,6,3.6444949608344537,2.356705508596751
198,HEPG2-09,2,1,2.3466751792214136,4.198145431341997
199,HEPG2-09,2,2,7.375053436725171,8.320098048746612
200,HEPG2-09,2,3,4.805449968808658,3.678494605320549
201,HEPG2-09,2,4,3.4950132865410346,3.6201414933448746
202,HEPG2-09,2,5,3.04331129247492,3.2733433320193464
203,HEPG2-09,2,6,3.465733614834872,2.470641713184083
204,HEPG2-09,3,1,2.4289208325472744,4.3547089178920855
205,HEPG2-09,3,2,7.943348698801809,8.616257083227458
206,HEPG2-09,3,3,5.0140520194908245,3.6950315845737793
207,HEPG2-09,3,4,3.7592603448149444,3.7703863443829357
208,HEPG2-09,3,5,3.070263670636462,3.279298948692153
209,HEPG2-09,3,6,3.624881886816644,2.5174340608792285
210,HEPG2-09,4,1,2.229597079289424,3.770330218595371
211,HEPG2-09,4,2,7.991906302315848,8.580189247661208
212,HEPG2-09,4,3,4.927120258281757,3.4735700649717027
213,HEPG2-09,4,4,3.312391757965088,3.2388134130113726
214,HEPG2-09,4,5,3.14962354263702,3.257206862640047
215,HEPG2-09,4,6,3.5811804114998163,2.387954351189052
216,HEPG2-10,1,1,5.7854927174456705,7.231531678984714
217,HEPG2-10,1,2,18.8656243720612,13.644555479490338
218,HEPG2-10,1,3,10.59938570740935,6.161727006872509
219,HEPG2-10,1,4,10.447678553593622,7.236149157855351
220,HEPG2-10,1,5,8.658552547553917,6.520505214910217
221,HEPG2-10,1,6,9.34876872347547,5.294021046874454
222,HEPG2-10,2,1,4.571940886509883,5.745089727055934
223,HEPG2-10,2,2,16.52227681643003,12.324167534502315
224,HEPG2-10,2,3,9.51999484099351,5.592269273422605
225,HEPG2-10,2,4,10.051563950328084,7.085231161126131
226,HEPG2-10,2,5,7.388142424744445,5.827512640224313
227,HEPG2-10,2,6,8.125825572323489,4.6406683226462615
228,HEPG2-10,3,1,6.203230517251151,8.039461025512141
229,HEPG2-10,3,2,16.805121601401986,12.665655428388547
230,HEPG2-10,3,3,10.555756829001687,6.266997130720923
231,HEPG2-10,3,4,10.5516191581627,7.532019266979435
232,HEPG2-10,3,5,8.289651554900331,6.7089611605831605
233,HEPG2-10,3,6,8.748925469138406,5.0824925437829895
234,HEPG2-10,4,1,5.545609746660505,7.0666441268077715
235,HEPG2-10,4,2,15.339143245251147,11.462280986289555
236,HEPG2-10,4,3,10.440089083337165,6.189150514006582
237,HEPG2-10,4,4,9.752576270660796,6.915029518031428
238,HEPG2-10,4,5,9.391958608255758,7.3533031443460155
239,HEPG2-10,4,6,8.6963338666148,5.010647631429393
240,HEPG2-11,1,1,4.809320524141386,6.450025237722967
241,HEPG2-11,1,2,17.422763186615782,13.278374623558541
242,HEPG2-11,1,3,10.219540880872058,5.782335032030027
243,HEPG2-11,1,4,8.362193553478686,5.896083890104454
244,HEPG2-11,1,5,8.276374915977577,6.347633415533706
245,HEPG2-11,1,6,7.994975201495282,4.328332013603065
246,HEPG2-11,2,1,3.739795380384215,5.059974617240081
247,HEPG2-11,2,2,15.31299033149446,12.04274610904289
248,HEPG2-11,2,3,9.571883763863132,5.5963090703462735
249,HEPG2-11,2,4,8.167536514978067,5.949530756203122
250,HEPG2-11,2,5,8.324761238470916,6.540666456896744
251,HEPG2-11,2,6,7.270276085173268,4.099764230154452
252,HEPG2-11,3,1,5.149457900555102,7.204315049571626
253,HEPG2-11,3,2,15.964907831959911,12.688965335987033
254,HEPG2-11,3,3,10.144994141219499,5.9869066951275105
255,HEPG2-11,3,4,8.789467328554624,6.465428331886661
256,HEPG2-11,3,5,8.026514641650312,6.55858962154713
257,HEPG2-11,3,6,7.64082687551325,4.372136892580108
258,HEPG2-11,4,1,4.371458637597895,6.074135758351156
259,HEPG2-11,4,2,14.130025776667393,11.16701809381257
260,HEPG2-11,4,3,9.666313134109547,5.645026426920623
261,HEPG2-11,4,4,7.692177663796888,5.604802455213081
262,HEPG2-11,4,5,8.426318606646907,6.600355373341982
263,HEPG2-11,4,6,7.22391834942448,4.0183083783926365
264,HUVEC-01,1,1,3.8371250908096117,5.809629329986939
265,HUVEC-01,1,2,19.300214278233515,17.012286909284544
266,HUVEC-01,1,3,9.737962227363091,5.157576811617673
267,HUVEC-01,1,4,10.271586752557136,8.821034324724273
268,HUVEC-01,1,5,2.410874180979543,2.705695199534769
269,HUVEC-01,1,6,11.492211087957605,6.570112916018146
270,HUVEC-01,2,1,4.3786445530978115,6.608276560675202
271,HUVEC-01,2,2,21.486112204464998,19.272638867638115
272,HUVEC-01,2,3,10.74588513683963,5.917516685331875
273,HUVEC-01,2,4,11.528601089081207,10.135664749910843
274,HUVEC-01,2,5,2.440752196621585,2.715535938531208
275,HUVEC-01,2,6,13.21886379068548,7.777599887941967
276,HUVEC-01,3,1,4.313632395360377,6.355062548080637
277,HUVEC-01,3,2,20.112819448694005,17.442318755194133
278,HUVEC-01,3,3,10.656059153668291,5.640154295436117
279,HUVEC-01,3,4,10.758998486902806,9.100190896596994
280,HUVEC-01,3,5,2.224620224593522,2.2525163230404175
281,HUVEC-01,3,6,12.292420746444108,6.930915035536972
282,HUVEC-01,4,1,3.963549954550607,5.962321058439238
283,HUVEC-01,4,2,18.92576214555022,15.914248466721261
284,HUVEC-01,4,3,9.79410155407794,4.87967850091274
285,HUVEC-01,4,4,10.07249168916182,8.202715315558226
286,HUVEC-01,4,5,2.230702883237368,2.254473699788101
287,HUVEC-01,4,6,11.541261412880637,6.024732699307192
288,HUVEC-02,1,1,4.336444650377546,6.9061299203667765
289,HUVEC-02,1,2,19.46268250106217,15.465847276027938
290,HUVEC-02,1,3,9.090879954300918,4.565431729655098
291,HUVEC-02,1,4,10.286841838390796,8.071944418700571
292,HUVEC-02,1,5,2.34496072670082,2.499399244732533
293,HUVEC-02,1,6,11.728804105288022,5.907107270327408
294,HUVEC-02,2,1,4.597295247115098,7.3415531492859545
295,HUVEC-02,2,2,22.092180468819357,18.466345514091486
296,HUVEC-02,2,3,7.669599725054456,4.372961312514111
297,HUVEC-02,2,4,11.508910773636458,9.5497663552811
298,HUVEC-02,2,5,2.556929483042135,2.883719061465532
299,HUVEC-02,2,6,10.05845813627367,5.463971496685753
300,HUVEC-02,3,1,4.065073000920283,6.608816129764533
301,HUVEC-02,3,2,19.077936494505252,16.086303199489745
302,HUVEC-02,3,3,8.590095482863388,4.878624102442724
303,HUVEC-02,3,4,9.921423874892197,8.278794774139865
304,HUVEC-02,3,5,2.1478562726602926,2.6905513939570453
305,HUVEC-02,3,6,10.652608376044732,5.882252856614199
306,HUVEC-02,4,1,4.794724260057722,7.71346405197785
307,HUVEC-02,4,2,22.578240518446094,18.63308489801648
308,HUVEC-02,4,3,10.240861106228518,5.442981589442859
309,HUVEC-02,4,4,11.761161791813837,9.674834217980111
310,HUVEC-02,4,5,2.722129945631151,3.5114276726363176
311,HUVEC-02,4,6,12.935086429893197,6.9960740929783976
312,HUVEC-03,1,1,4.921096368269487,7.3396277918269694
313,HUVEC-03,1,2,17.242975005855808,14.712896109224232
314,HUVEC-03,1,3,10.020358252834964,4.162976973445603
315,HUVEC-03,1,4,9.200870272401092,7.3217359379386036
316,HUVEC-03,1,5,2.7383036613464355,2.3978371773493135
317,HUVEC-03,1,6,11.98206681090516,5.492952571797107
318,HUVEC-03,2,1,4.3517364836358405,6.781982992000967
319,HUVEC-03,2,2,16.112547143713222,14.002168845667558
320,HUVEC-03,2,3,9.209223412848138,4.36061535329546
321,HUVEC-03,2,4,8.536495444062469,6.973737112563919
322,HUVEC-03,2,5,2.4152750597371684,2.221683408369249
323,HUVEC-03,2,6,10.831484255852637,5.445998282013234
324,HUVEC-03,3,1,4.55154444954612,6.985902213314295
325,HUVEC-03,3,2,17.35183060633672,14.859214969166024
326,HUVEC-03,3,3,10.13299558689068,4.337084718306928
327,HUVEC-03,3,4,9.245967400538458,7.472399346804967
328,HUVEC-03,3,5,2.81144025109031,2.5843890606688507
329,HUVEC-03,3,6,12.504106218164617,6.022786681898965
330,HUVEC-03,4,1,4.271315395057975,6.6390264388974245
331,HUVEC-03,4,2,15.855782001049487,13.773475592485962
332,HUVEC-03,4,3,8.97719856980559,4.159844085647017
333,HUVEC-03,4,4,8.374137773142232,6.842023350388188
334,HUVEC-03,4,5,2.772387814212155,2.809305378965876
335,HUVEC-03,4,6,10.284776675236689,5.054966585274686
336,HUVEC-04,1,1,4.393738598018498,6.995121896660258
337,HUVEC-04,1,2,18.44091997518168,15.935353035503145
338,HUVEC-04,1,3,8.53014136599256,4.2403024963507185
339,HUVEC-04,1,4,9.552152887567297,7.950594909077655
340,HUVEC-04,1,5,2.3350402472855207,2.248561882401078
341,HUVEC-04,1,6,10.644359371878885,5.735773251544301
342,HUVEC-04,2,1,4.546326631075376,7.194556645971834
343,HUVEC-04,2,2,19.610049371595508,16.789232058252875
344,HUVEC-04,2,3,9.027165406710141,4.408022218181207
345,HUVEC-04,2,4,10.12386871932389,8.41762983064265
346,HUVEC-04,2,5,2.4133523036907247,2.3892706997866346
347,HUVEC-04,2,6,11.527516903815332,6.178867227076282
348,HUVEC-04,3,1,4.593592018276066,7.327455378289205
349,HUVEC-04,3,2,18.794049863691455,16.658002387948823
350,HUVEC-04,3,3,9.098762022984491,4.672952594041399
351,HUVEC-04,3,4,9.528301610575094,8.119829125370032
352,HUVEC-04,3,5,2.189455050926704,2.2202135275299244
353,HUVEC-04,3,6,10.665494671115628,5.962374924661354
354,HUVEC-04,4,1,4.27663178877397,6.887391421906965
355,HUVEC-04,4,2,18.38604348665708,15.824963518139027
356,HUVEC-04,4,3,8.522773984190705,4.227643174199151
357,HUVEC-04,4,4,9.461938635095374,7.861395375673537
358,HUVEC-04,4,5,2.3639827579646915,2.47241912260192
359,HUVEC-04,4,6,10.442277722544484,5.618357392890974
360,HUVEC-05,1,1,3.0898369628113587,5.493316399968067
361,HUVEC-05,1,2,7.450428956514829,6.974198022347276
362,HUVEC-05,1,3,5.37647447957621,3.0405211696293777
363,HUVEC-05,1,4,4.25055287720321,3.8164885529537087
364,HUVEC-05,1,5,2.5727806462870015,2.6879129758002374
365,HUVEC-05,1,6,6.404289307532372,4.192117454726041
366,HUVEC-05,2,1,3.1250821646157796,5.625171506911488
367,HUVEC-05,2,2,6.249333288762476,6.107168181328377
368,HUVEC-05,2,3,6.311660450774354,3.604374525804844
369,HUVEC-05,2,4,3.937434128352574,3.673384664891784
370,HUVEC-05,2,5,2.2747145628000234,2.4185581237780633
371,HUVEC-05,2,6,6.459892588776428,4.266283067380985
372,HUVEC-05,3,1,2.5378775163130327,4.365764694542211
373,HUVEC-05,3,2,5.613905367913184,5.337708147972247
374,HUVEC-05,3,3,4.9621222297866625,2.7378843553741765
375,HUVEC-05,3,4,4.089231441547344,3.718974250291856
376,HUVEC-05,3,5,2.288458966589593,2.3837396827104493
377,HUVEC-05,3,6,6.074882451590005,3.9272369873991884
378,HUVEC-05,4,1,2.9841402970351183,5.519174335926132
379,HUVEC-05,4,2,7.4708750340845675,7.409401695876525
380,HUVEC-05,4,3,5.391851815310392,3.2339152854652324
381,HUVEC-05,4,4,4.216191236074868,3.968959081483811
382,HUVEC-05,4,5,2.469399340741046,2.7595799045822464
383,HUVEC-05,4,6,6.45227761702104,4.413603038074622
384,HUVEC-06,1,1,3.3902675678365006,5.569553928911228
385,HUVEC-06,1,2,14.60618526694829,13.474941062237743
386,HUVEC-06,1,3,7.96440374268771,4.6229909370436495
387,HUVEC-06,1,4,7.630642744927919,6.817447683120414
388,HUVEC-06,1,5,2.8204740095604515,3.122837404194511
389,HUVEC-06,1,6,9.937148488693984,5.988803104437839
390,HUVEC-06,2,1,2.684567315237863,4.147012948893023
391,HUVEC-06,2,2,10.287577288491386,9.705015461451714
392,HUVEC-06,2,3,6.824200122387378,3.9417519586999137
393,HUVEC-06,2,4,6.8781644895479275,6.238020613962825
394,HUVEC-06,2,5,1.8267958814447576,2.0486992518510614
395,HUVEC-06,2,6,8.858422743809687,5.3452216197387
396,HUVEC-06,3,1,3.3366252849628397,5.450452507227249
397,HUVEC-06,3,2,11.52360690723766,10.955339402017614
398,HUVEC-06,3,3,8.874506485926641,5.112884861379039
399,HUVEC-06,3,4,6.676540405719312,6.059834582609959
400,HUVEC-06,3,5,1.7430836751863554,1.8965613126127479
401,HUVEC-06,3,6,9.624684544352743,5.628191691939559
402,HUVEC-06,4,1,2.742086094695252,4.172274686044413
403,HUVEC-06,4,2,10.664410430115538,10.6273590930846
404,HUVEC-06,4,3,8.223387563383424,5.411615602498618
405,HUVEC-06,4,4,7.252657840778301,6.895631604234667
406,HUVEC-06,4,5,1.7588890311005827,1.9688458310261012
407,HUVEC-06,4,6,9.089071874494676,5.578225046601148
408,HUVEC-07,1,1,2.4932440101326288,3.9168747161430804
409,HUVEC-07,1,2,16.514177031331247,12.593198876497498
410,HUVEC-07,1,3,5.612041541508266,2.947330993378504
411,HUVEC-07,1,4,9.764323946717498,7.714073078128983
412,HUVEC-07,1,5,2.6182225834239614,2.69615096279987
413,HUVEC-07,1,6,4.369734442079222,2.151196057821257
414,HUVEC-07,2,1,3.027052557313597,4.472281685532562
415,HUVEC-07,2,2,17.60602344166149,12.576213495302362
416,HUVEC-07,2,3,5.900413178778314,3.0501077894589157
417,HUVEC-07,2,4,10.832135931237952,8.17341851351747
418,HUVEC-07,2,5,1.9200405888743215,2.076842391497222
419,HUVEC-07,2,6,4.877955839231417,2.4355715623591396
420,HUVEC-07,3,1,4.0485614367893765,6.256873970446846
421,HUVEC-07,3,2,20.406684448192646,15.314149016762022
422,HUVEC-07,3,3,8.016049948605625,4.5807436857482475
423,HUVEC-07,3,4,10.83736563348151,8.555217446577334
424,HUVEC-07,3,5,2.0277951413934883,2.118398810713478
425,HUVEC-07,3,6,5.713916023056228,3.0357268888858133
426,HUVEC-07,4,1,3.0221967882924266,5.14683781894286
427,HUVEC-07,4,2,20.98609616539695,16.84258277946203
428,HUVEC-07,4,3,6.080938246343043,3.540224365935029
429,HUVEC-07,4,4,9.72068942057622,8.111423409441823
430,HUVEC-07,4,5,2.366393689985399,2.3758312918927613
431,HUVEC-07,4,6,4.691752576208734,2.466780814785926
432,HUVEC-08,1,1,3.993670736040388,6.204266030167903
433,HUVEC-08,1,2,15.768972341116372,13.53858848086985
434,HUVEC-08,1,3,9.385959668592973,5.295820213112328
435,HUVEC-08,1,4,8.973906058769721,7.820019721360829
436,HUVEC-08,1,5,2.0845504426336907,2.1595568793473956
437,HUVEC-08,1,6,6.320251477229131,3.35795860545552
438,HUVEC-08,2,1,3.546202950663381,5.579954467923875
439,HUVEC-08,2,2,17.3610136601832,15.352271689014021
440,HUVEC-08,2,3,7.658895888885894,4.772193146520391
441,HUVEC-08,2,4,8.805021998170135,7.907390891140405
442,HUVEC-08,2,5,2.0749702143978763,2.2648214470133894
443,HUVEC-08,2,6,5.830910769375888,3.28451806762943
444,HUVEC-08,3,1,3.7981583917295776,5.939205038635492
445,HUVEC-08,3,2,15.321438919414174,13.259734666860796
446,HUVEC-08,3,3,9.276809277472559,5.460904809143563
447,HUVEC-08,3,4,8.596759616554557,7.5967908500116055
448,HUVEC-08,3,5,1.9677320579429725,2.0629496334820105
449,HUVEC-08,3,6,6.1294171655332885,3.3735705973089725
450,HUVEC-08,4,1,2.868519739671187,4.238673305212905
451,HUVEC-08,4,2,13.216272645182423,10.67999354881141
452,HUVEC-08,4,3,6.9504781636324795,3.7968775716363385
453,HUVEC-08,4,4,8.596610762856223,7.136415810415649
454,HUVEC-08,4,5,1.8364518153202998,1.8935698814917818
455,HUVEC-08,4,6,5.311766773075252,2.7221734710974523
456,HUVEC-09,1,1,3.324883318566657,4.997870509200605
457,HUVEC-09,1,2,13.207591323109416,12.011227269808046
458,HUVEC-09,1,3,4.997752418765774,2.824677635567277
459,HUVEC-09,1,4,7.2591944669748285,6.479635026108871
460,HUVEC-09,1,5,3.046627880690934,3.772784414952004
461,HUVEC-09,1,6,3.870229968776951,2.0255480774004515
462,HUVEC-09,2,1,3.578719523045924,5.862577907827048
463,HUVEC-09,2,2,13.663012690358348,12.714120381791465
464,HUVEC-09,2,3,6.776806063466258,3.9338682411909422
465,HUVEC-09,2,4,7.549854328105976,6.867009142620923
466,HUVEC-09,2,5,2.819840146349622,3.3896749336768353
467,HUVEC-09,2,6,4.574062582734343,2.4152265200631526
468,HUVEC-09,3,1,3.3258802364398905,5.411117613142899
469,HUVEC-09,3,2,15.735760416303362,14.121774552308217
470,HUVEC-09,3,3,5.405412407664509,2.981249007097019
471,HUVEC-09,3,4,7.822561988582859,6.89791386206338
472,HUVEC-09,3,5,3.033998223094197,3.391480700953621
473,HUVEC-09,3,6,4.201191846426431,2.1115338740002967
474,HUVEC-09,4,1,3.8354951808978983,5.864092045392349
475,HUVEC-09,4,2,14.100419676149047,12.445585337159855
476,HUVEC-09,4,3,7.02344172960752,3.5103991971846473
477,HUVEC-09,4,4,7.883620385999803,6.734597745059929
478,HUVEC-09,4,5,2.7572417073435598,2.9445876151834636
479,HUVEC-09,4,6,4.779117844321511,2.278781016858123
480,HUVEC-10,1,1,2.615321852944114,4.251945915164756
481,HUVEC-10,1,2,12.874651636396136,11.1563257754666
482,HUVEC-10,1,3,6.246712455501804,3.178081733212242
483,HUVEC-10,1,4,8.032617748557747,6.931449084520652
484,HUVEC-10,1,5,2.532734425036938,2.48873685045572
485,HUVEC-10,1,6,4.757832508582573,2.2314060024628484
486,HUVEC-10,2,1,2.5017079254249475,4.076118250496322
487,HUVEC-10,2,2,12.622645217102843,10.882692430125955
488,HUVEC-10,2,3,5.975457909819368,3.0511588252517496
489,HUVEC-10,2,4,7.757865373190347,6.748716972435209
490,HUVEC-10,2,5,2.348474477792715,2.286289225843539
491,HUVEC-10,2,6,4.476438677156127,2.1252501767673664
492,HUVEC-10,3,1,3.1322334524873017,5.456068551789905
493,HUVEC-10,3,2,16.464636232945825,14.693880903106402
494,HUVEC-10,3,3,6.848581642299504,3.6370274045280606
495,HUVEC-10,3,4,7.974297901252648,7.023285346502193
496,HUVEC-10,3,5,2.711551975894284,2.6759162574846265
497,HUVEC-10,3,6,5.039736332831445,2.3841030987556784
498,HUVEC-10,4,1,3.2546432235024194,5.634926162624578
499,HUVEC-10,4,2,16.865156570038238,15.11859027596807
500,HUVEC-10,4,3,7.047793239742131,3.811420120308229
501,HUVEC-10,4,4,8.172317418185147,7.235362628888728
502,HUVEC-10,4,5,2.964245282210313,3.031478211885097
503,HUVEC-10,4,6,5.221996747054063,2.531379995061478
504,HUVEC-11,1,1,3.521536498874813,5.358725520702563
505,HUVEC-11,1,2,20.058040817062576,15.788978047405488
506,HUVEC-11,1,3,7.823559773432744,4.479259491350354
507,HUVEC-11,1,4,10.107086819487733,8.298890001644015
508,HUVEC-11,1,5,2.4349025255673893,3.290938382356768
509,HUVEC-11,1,6,6.228888932760659,3.3484263909181875
510,HUVEC-11,2,1,2.8587175406418837,4.275364754661493
511,HUVEC-11,2,2,15.503547210197944,11.764862767419595
512,HUVEC-11,2,3,7.2188595486925795,3.8156065954924077
513,HUVEC-11,2,4,9.966478991818118,7.8157787967205765
514,HUVEC-11,2,5,1.8122119408149224,2.185517411436889
515,HUVEC-11,2,6,5.681000468018767,2.7272439815010463
516,HUVEC-11,3,1,3.8476003919328963,5.877442445590617
517,HUVEC-11,3,2,17.64008952425672,13.840103078911323
518,HUVEC-11,3,3,9.466259454751944,5.062550948025206
519,HUVEC-11,3,4,9.875576496124268,7.92143356264415
520,HUVEC-11,3,5,2.011123595299659,2.4126244450964913
521,HUVEC-11,3,6,6.549248497207444,3.217050071781538
522,HUVEC-11,4,1,3.4812141145978654,5.33334480977495
523,HUVEC-11,4,2,18.770364711811016,15.457328493277524
524,HUVEC-11,4,3,7.098309529292119,3.934707538196811
525,HUVEC-11,4,4,9.428782122475761,7.998825018390518
526,HUVEC-11,4,5,2.0790947938894297,2.4428515481797812
527,HUVEC-11,4,6,5.685529492118142,2.998918295590599
528,HUVEC-12,1,1,6.845564130064729,5.826136805104587
529,HUVEC-12,1,2,16.718725105384728,14.05210911304733
530,HUVEC-12,1,3,5.542969530278986,2.7050434775942147
531,HUVEC-12,1,4,8.158549017720409,6.611678927109842
532,HUVEC-12,1,5,3.761278808890999,3.6702675077785942
533,HUVEC-12,1,6,4.138150134643951,1.878016740399011
534,HUVEC-12,2,1,7.22210287118887,5.86338606010007
535,HUVEC-12,2,2,16.90945222780302,14.365871535124464
536,HUVEC-12,2,3,5.6589846363315335,2.7637510834326258
537,HUVEC-12,2,4,8.389294785338564,6.878775216945751
538,HUVEC-12,2,5,3.7482384025276483,3.7004668012444824
539,HUVEC-12,2,6,4.34443034754171,2.0055515255114713
540,HUVEC-12,3,1,6.356062108820135,5.108978428789463
541,HUVEC-12,3,2,13.842217432988154,11.394298906016322
542,HUVEC-12,3,3,4.964599237813578,2.9317166920125013
543,HUVEC-12,3,4,7.42428343636649,5.931785995716437
544,HUVEC-12,3,5,3.4462637963233056,4.620778482225286
545,HUVEC-12,3,6,3.700081218372692,1.9650373934478134
546,HUVEC-12,4,1,7.597003769564938,5.934218627080045
547,HUVEC-12,4,2,14.037571498325892,11.847220624845603
548,HUVEC-12,4,3,6.931135889771697,3.324726670348413
549,HUVEC-12,4,4,7.64377599567562,6.166401606647569
550,HUVEC-12,4,5,3.3947304750417735,3.4509500188636575
551,HUVEC-12,4,6,4.486031705682928,1.9963897603911642
552,HUVEC-13,1,1,6.26989646986419,5.008737314995603
553,HUVEC-13,1,2,14.891252355637894,11.82785439780225
554,HUVEC-13,1,3,5.022592800115448,2.8176805697209244
555,HUVEC-13,1,4,8.540462350533678,6.764985982027664
556,HUVEC-13,1,5,2.9153164071974413,3.2540172370135063
557,HUVEC-13,1,6,4.0492358550526735,2.1817730258652692
558,HUVEC-13,2,1,6.718441875931484,5.451442096394801
559,HUVEC-13,2,2,16.901751792508794,12.936135957779621
560,HUVEC-13,2,3,5.545119653340259,2.836030603645328
561,HUVEC-13,2,4,8.69330895492454,6.577335389285835
562,HUVEC-13,2,5,3.236846331677406,3.1685396711385536
563,HUVEC-13,2,6,4.486128239849814,2.195668621187848
564,HUVEC-13,3,1,6.566940126855389,5.287315590964853
565,HUVEC-13,3,2,15.653042793273926,11.414698674068013
566,HUVEC-13,3,3,5.398617943907095,2.8028360386168343
567,HUVEC-13,3,4,8.933388971814923,6.5043732589405305
568,HUVEC-13,3,5,3.3590580560023486,3.75613708491845
569,HUVEC-13,3,6,4.417795779658299,2.1574407917600356
570,HUVEC-13,4,1,7.838209619709089,5.842769009694665
571,HUVEC-13,4,2,15.194349637997696,11.675837321316008
572,HUVEC-13,4,3,7.268441511914621,3.7484289929796377
573,HUVEC-13,4,4,8.734146704081617,6.622992963012863
574,HUVEC-13,4,5,2.971003869000603,3.0313399703553308
575,HUVEC-13,4,6,5.143062847112518,2.5672210350876785
576,HUVEC-14,1,1,5.520286064398916,4.260938854490057
577,HUVEC-14,1,2,16.485923214962607,14.27823546386173
578,HUVEC-14,1,3,5.73483523569609,3.1563056248273296
579,HUVEC-14,1,4,7.437818244883888,6.1407917708707815
580,HUVEC-14,1,5,4.4855644640169645,5.533270416905699
581,HUVEC-14,1,6,4.161734731573808,2.2747251001018385
582,HUVEC-14,2,1,5.835188031196594,4.217895801629788
583,HUVEC-14,2,2,16.189233993229113,12.848168521260337
584,HUVEC-14,2,3,5.343060618952701,2.833233008066232
585,HUVEC-14,2,4,7.3508518495057755,5.5836844606086755
586,HUVEC-14,2,5,4.048217779711673,5.233268656120342
587,HUVEC-14,2,6,3.9538005151246725,2.115419633380702
588,HUVEC-14,3,1,4.186275557467812,3.066744189658701
589,HUVEC-14,3,2,15.855423444195798,12.888145846506342
590,HUVEC-14,3,3,5.17310841459977,2.7196718232530506
591,HUVEC-14,3,4,6.850965349297774,5.288355937326157
592,HUVEC-14,3,5,4.331966989918759,5.177113383847888
593,HUVEC-14,3,6,3.878133434998362,2.030989271414245
594,HUVEC-14,4,1,4.142740067682769,3.1580201024591394
595,HUVEC-14,4,2,15.409786619638142,13.032894675130542
596,HUVEC-14,4,3,5.167273866502862,2.7728903013605417
597,HUVEC-14,4,4,6.722007851851614,5.389912606661143
598,HUVEC-14,4,5,4.354713534054003,5.1081854146804355
599,HUVEC-14,4,6,3.930790512185348,2.090073934241264
600,HUVEC-15,1,1,4.1847722342139795,2.7784470011118003
601,HUVEC-15,1,2,17.019575144115247,13.561105546844978
602,HUVEC-15,1,3,5.4421854897549276,3.2150864366829355
603,HUVEC-15,1,4,8.054584867075869,6.33193522981898
604,HUVEC-15,1,5,4.093749824323152,5.401392403927791
605,HUVEC-15,1,6,4.606137984677365,2.8594348567695973
606,HUVEC-15,2,1,4.1392617978547745,2.8096812424584634
607,HUVEC-15,2,2,17.204014884798152,14.268363059064098
608,HUVEC-15,2,3,5.615321617377432,3.0950827591942174
609,HUVEC-15,2,4,8.010900836241873,6.5119497902926815
610,HUVEC-15,2,5,4.018625604478936,5.098604534849425
611,HUVEC-15,2,6,4.61973229834908,2.6963723772818597
612,HUVEC-15,3,1,5.653042147034093,3.969112501432088
613,HUVEC-15,3,2,17.600478310334054,14.451971895963736
614,HUVEC-15,3,3,5.937451324964824,3.093202300142722
615,HUVEC-15,3,4,8.612289918096442,6.920457054218784
616,HUVEC-15,3,5,3.775047929663407,4.810139107723775
617,HUVEC-15,3,6,4.835748678759525,2.7082159113403694
618,HUVEC-15,4,1,4.218977099970767,2.83181139451365
619,HUVEC-15,4,2,17.96031351465928,14.152415142607275
620,HUVEC-15,4,3,5.755701203095286,2.933332801178446
621,HUVEC-15,4,4,8.441950810583014,6.530021279831343
622,HUVEC-15,4,5,3.9021914318988196,4.831990839270238
623,HUVEC-15,4,6,4.770557641983032,2.6321860560610677
624,HUVEC-16,1,1,6.728259247618836,6.060636687626394
625,HUVEC-16,1,2,14.244055134909493,11.744558263131895
626,HUVEC-16,1,3,6.596867734735662,3.4785631994203907
627,HUVEC-16,1,4,7.66674685787845,6.217885283922988
628,HUVEC-16,1,5,2.7414484767170695,3.3804960391004406
629,HUVEC-16,1,6,5.204038006918771,2.54212680480613
630,HUVEC-16,2,1,6.3932164984864075,5.445401865957249
631,HUVEC-16,2,2,12.407149822680982,9.746107624331767
632,HUVEC-16,2,3,6.058184109724961,2.8853043136005234
633,HUVEC-16,2,4,7.343203600350913,5.688188770520231
634,HUVEC-16,2,5,2.5358516767427517,2.5816131642407893
635,HUVEC-16,2,6,4.762288291732986,2.1273394385000173
636,HUVEC-16,3,1,7.602402575604327,6.209694915121494
637,HUVEC-16,3,2,11.976718196621189,10.114234775815383
638,HUVEC-16,3,3,8.29087697685539,4.069280245523087
639,HUVEC-16,3,4,7.14835549639417,5.870571991588383
640,HUVEC-16,3,5,2.4879836912279005,2.596647172326689
641,HUVEC-16,3,6,5.585168782766763,2.62858443757353
642,HUVEC-16,4,1,6.877955257118522,6.138062149268794
643,HUVEC-16,4,2,13.559028365395285,11.49814427037527
644,HUVEC-16,4,3,6.393861752051811,3.0897086648935796
645,HUVEC-16,4,4,7.257888118942063,5.959954271656872
646,HUVEC-16,4,5,2.7551087466153232,2.9676948096237727
647,HUVEC-16,4,6,4.960263085055661,2.294238584872984
648,HUVEC-17,1,1,2.413526070582402,3.7724326930196916
649,HUVEC-17,1,2,7.297662976500276,7.512895239834428
650,HUVEC-17,1,3,7.58353380104164,3.469509751865655
651,HUVEC-17,1,4,5.193743780061796,4.775695387094272
652,HUVEC-17,1,5,2.3796759766417663,2.1491430614140414
653,HUVEC-17,1,6,9.302626640765698,4.968143120975295
654,HUVEC-17,2,1,3.719845524081936,5.963772594457235
655,HUVEC-17,2,2,9.54186164558708,9.945749358895847
656,HUVEC-17,2,3,8.285717344903327,4.37941806477425
657,HUVEC-17,2,4,5.5752199965638,5.252469207573846
658,HUVEC-17,2,5,2.32273986742094,2.3087951139957283
659,HUVEC-17,2,6,9.58362627029419,5.020310075948222
660,HUVEC-17,3,1,3.0853269378860277,4.531161720919318
661,HUVEC-17,3,2,7.410442358487613,7.13964339675642
662,HUVEC-17,3,3,7.801845662005536,3.6164668795373345
663,HUVEC-17,3,4,5.562710359499052,4.886796192270898
664,HUVEC-17,3,5,2.1252490576211507,1.929019007069535
665,HUVEC-17,3,6,9.296272909486449,4.479474241608185
666,HUVEC-17,4,1,3.0922095558860083,4.671479965959579
667,HUVEC-17,4,2,7.365467888968332,7.158400208386807
668,HUVEC-17,4,3,7.846478307401979,3.623720741187135
669,HUVEC-17,4,4,5.576223553001107,4.9009834456697865
670,HUVEC-17,4,5,2.242739590731534,2.0506712177279343
671,HUVEC-17,4,6,9.27914690042471,4.423484664078031
672,HUVEC-18,1,1,3.166041708611823,4.679057427583251
673,HUVEC-18,1,2,17.690537601322323,13.369279250251099
674,HUVEC-18,1,3,7.648018434450224,3.942624035558608
675,HUVEC-18,1,4,11.526278477210504,8.95841290250326
676,HUVEC-18,1,5,2.5866077596491035,2.8698742560498207
677,HUVEC-18,1,6,6.14865864716567,2.9558936528984185
678,HUVEC-18,2,1,4.214182444981167,6.525903311934666
679,HUVEC-18,2,2,20.766370364597865,16.21108499960828
680,HUVEC-18,2,3,10.345806524351046,5.67392783415246
681,HUVEC-18,2,4,11.627411576060506,9.31380532737467
682,HUVEC-18,2,5,2.5943777096735965,2.851506774934842
683,HUVEC-18,2,6,7.204529508367761,3.648856863253803
684,HUVEC-18,3,1,3.946560427886267,6.129298751581205
685,HUVEC-18,3,2,23.779405699490724,18.224885735863612
686,HUVEC-18,3,3,8.312330053372957,4.5738262394381755
687,HUVEC-18,3,4,12.069768203586243,9.549431913663566
688,HUVEC-18,3,5,2.4444660907459568,2.7204995603746394
689,HUVEC-18,3,6,6.778328948378174,3.410195524069877
690,HUVEC-18,4,1,3.2412206724092556,4.816124453507426
691,HUVEC-18,4,2,17.349574832173136,12.896913742991932
692,HUVEC-18,4,3,7.474463667188372,3.6371554805825905
693,HUVEC-18,4,4,11.35648269777174,8.647584459541724
694,HUVEC-18,4,5,2.340382687457196,2.3654415642605087
695,HUVEC-18,4,6,6.032287628619702,2.724081517371389
696,HUVEC-19,1,1,2.985343635856331,4.321726436018465
697,HUVEC-19,1,2,16.074072107092128,11.766186849633664
698,HUVEC-19,1,3,5.730686751278964,2.802967015021757
699,HUVEC-19,1,4,11.866422219709916,9.24630752466549
700,HUVEC-19,1,5,1.4096958420493386,1.367430835818929
701,HUVEC-19,1,6,5.77256356895744,2.9565272241571554
702,HUVEC-19,2,1,3.5281417958148116,5.391038934459739
703,HUVEC-19,2,2,20.936904746216612,15.892384947767557
704,HUVEC-19,2,3,6.159124250535841,3.210317526459512
705,HUVEC-19,2,4,12.032067267925708,9.784600278542397
706,HUVEC-19,2,5,1.0593696507540615,1.2346980066190603
707,HUVEC-19,2,6,6.31752263106309,3.5025478306285383
708,HUVEC-19,3,1,3.8236234528677806,5.826901566962111
709,HUVEC-19,3,2,18.56648217238389,13.733035067810011
710,HUVEC-19,3,3,7.723719863148479,3.7201465092276913
711,HUVEC-19,3,4,12.063577224681904,9.442662097651057
712,HUVEC-19,3,5,1.08819580078125,1.030034301890363
713,HUVEC-19,3,6,6.978529174606521,3.5479794926613133
714,HUVEC-19,4,1,3.645810635058911,5.600227011987328
715,HUVEC-19,4,2,21.95279465093241,16.10684322343735
716,HUVEC-19,4,3,6.350992190373408,3.2203007751516837
717,HUVEC-19,4,4,12.55275871846583,9.835777290365895
718,HUVEC-19,4,5,1.0753564958448534,1.1176808036084995
719,HUVEC-19,4,6,6.485918608578769,3.377760411364745
720,HUVEC-20,1,1,3.429795097995114,5.573377262073537
721,HUVEC-20,1,2,18.435513836996897,15.04431903552606
722,HUVEC-20,1,3,6.972601859600513,4.212826028232882
723,HUVEC-20,1,4,9.148847790507528,7.842129149495574
724,HUVEC-20,1,5,2.0469841090115635,2.2113249949080016
725,HUVEC-20,1,6,5.555030958993094,3.0459188446756964
726,HUVEC-20,2,1,3.746689852181967,5.9979894066009205
727,HUVEC-20,2,2,17.023181933861274,13.56605584962235
728,HUVEC-20,2,3,8.821178417701226,4.9965114776461155
729,HUVEC-20,2,4,9.332554470409047,7.78198104523748
730,HUVEC-20,2,5,1.8757110385151652,1.9502919842552917
731,HUVEC-20,2,6,6.089975518065613,3.2368220903123435
732,HUVEC-20,3,1,3.000245540173023,4.509706960403403
733,HUVEC-20,3,2,14.753045936683556,11.097467535284194
734,HUVEC-20,3,3,6.745634630128935,3.3130500749525957
735,HUVEC-20,3,4,9.560591716270942,7.373368170716519
736,HUVEC-20,3,5,1.7887112629878057,1.7028628602855935
737,HUVEC-20,3,6,5.4463194252608655,2.4929898955810197
738,HUVEC-20,4,1,3.6680575903359944,5.783502800100685
739,HUVEC-20,4,2,19.786059212374997,15.680303438340232
740,HUVEC-20,4,3,7.4438073542210965,4.010483793280429
741,HUVEC-20,4,4,9.852291162911948,8.141373463847678
742,HUVEC-20,4,5,2.1912430664161584,2.460672255949734
743,HUVEC-20,4,6,5.926649972989962,3.093895477681833
744,HUVEC-21,1,1,5.099461214882987,3.594510725418016
745,HUVEC-21,1,2,15.926940540214638,12.108534082478911
746,HUVEC-21,1,3,6.660478474257828,3.1344043547534928
747,HUVEC-21,1,4,6.616651132509306,4.868432121402491
748,HUVEC-21,1,5,3.887774486046333,4.126674824051904
749,HUVEC-21,1,6,5.155660356794085,2.2445983164772447
750,HUVEC-21,2,1,5.635262328308898,4.312583687906617
751,HUVEC-21,2,2,15.546405340169931,12.231808150817734
752,HUVEC-21,2,3,6.782808947872806,3.064711156941258
753,HUVEC-21,2,4,7.464747825226226,5.650641398856565
754,HUVEC-21,2,5,3.8453157907956608,3.893043547040979
755,HUVEC-21,2,6,5.1217695768777425,2.176015792471216
756,HUVEC-21,3,1,4.762227237998665,3.7350215993651825
757,HUVEC-21,3,2,13.425853853101854,11.281046336290666
758,HUVEC-21,3,3,6.1534694448694,3.0665355281465456
759,HUVEC-21,3,4,6.425040406066102,5.176559940820914
760,HUVEC-21,3,5,3.857431294082047,3.982449651090381
761,HUVEC-21,3,6,4.665850329708744,2.150326276814231
762,HUVEC-21,4,1,5.633608087316736,4.007548540348416
763,HUVEC-21,4,2,14.862842931375875,12.014429296169723
764,HUVEC-21,4,3,6.614386942479517,2.8977540655255885
765,HUVEC-21,4,4,7.0812880280730015,5.500917019734819
766,HUVEC-21,4,5,3.869438332396668,3.6194536027354984
767,HUVEC-21,4,6,4.971864019121442,2.0525027655882386
768,HUVEC-22,1,1,3.962399414607457,3.305243257089055
769,HUVEC-22,1,2,15.158049341920135,12.903876194970339
770,HUVEC-22,1,3,4.6630400310863145,2.259680371051771
771,HUVEC-22,1,4,6.501104806924795,5.316906747200246
772,HUVEC-22,1,5,3.017962629144842,3.242759863815048
773,HUVEC-22,1,6,3.648150165359695,1.641311533678238
774,HUVEC-22,2,1,4.821984396352397,4.1343187292494195
775,HUVEC-22,2,2,14.039608546665736,12.601709037522363
776,HUVEC-22,2,3,4.772370400366845,2.267007091318798
777,HUVEC-22,2,4,6.313068445626792,5.437938055103501
778,HUVEC-22,2,5,2.822813170296805,2.830129618048997
779,HUVEC-22,2,6,3.7017210427816813,1.6422145212108155
780,HUVEC-22,3,1,5.4831572322102335,4.7260398716584895
781,HUVEC-22,3,2,15.69287937956971,13.961074762834986
782,HUVEC-22,3,3,5.142073402157077,2.360072372839001
783,HUVEC-22,3,4,7.1247253603749465,6.110860751141271
784,HUVEC-22,3,5,2.956371257831524,2.86440266745485
785,HUVEC-22,3,6,4.0075529705394395,1.759772938258163
786,HUVEC-22,4,1,4.798001871480571,4.149135198450092
787,HUVEC-22,4,2,17.51905633257581,14.665421721989793
788,HUVEC-22,4,3,5.523579225911723,2.460924853101062
789,HUVEC-22,4,4,6.884483863781025,5.608119892804004
790,HUVEC-22,4,5,3.1315408124552144,2.6728639255195357
791,HUVEC-22,4,6,4.444365823423707,1.8327089479462921
792,HUVEC-23,1,1,4.876143783717961,3.716454348201095
793,HUVEC-23,1,2,12.334597686668495,10.473568088183752
794,HUVEC-23,1,3,7.256658535499077,3.9078803655871988
795,HUVEC-23,1,4,5.798573593040565,4.621891646057404
796,HUVEC-23,1,5,4.358916041138884,5.727441910550811
797,HUVEC-23,1,6,4.909720971986845,2.500167784475169
798,HUVEC-23,2,1,4.840852037652747,3.716003699938065
799,HUVEC-23,2,2,12.397820355056169,10.840487204486033
800,HUVEC-23,2,3,7.18348520452326,3.798508452894143
801,HUVEC-23,2,4,5.892367567334857,4.811039483986613
802,HUVEC-23,2,5,4.1639705137773,4.939105415291808
803,HUVEC-23,2,6,4.946025972242479,2.414401279919217
804,HUVEC-23,3,1,4.9067958980411674,3.8747413117475924
805,HUVEC-23,3,2,12.465610064469375,10.501269523776767
806,HUVEC-23,3,3,7.457337007894145,3.481579655071129
807,HUVEC-23,3,4,5.842622942738719,4.6462145035275
808,HUVEC-23,3,5,4.635157331243738,4.397103887458732
809,HUVEC-23,3,6,5.205775644872095,2.2287956013765347
810,HUVEC-23,4,1,4.9752120164007625,3.8352232259091226
811,HUVEC-23,4,2,12.50144343422756,10.37036508224164
812,HUVEC-23,4,3,7.402085990781504,3.2755088004812096
813,HUVEC-23,4,4,5.817019043217265,4.585979735941007
814,HUVEC-23,4,5,4.521389044845531,4.173586165091491
815,HUVEC-23,4,6,5.154952605306519,2.1095927771712737
816,HUVEC-24,1,1,4.656781184208858,3.4120989873340655
817,HUVEC-24,1,2,18.249063974851136,13.409630056651563
818,HUVEC-24,1,3,6.809393021967504,3.0208775494781075
819,HUVEC-24,1,4,8.313196789134633,5.808800821026074
820,HUVEC-24,1,5,5.090333053043911,4.916411117860468
821,HUVEC-24,1,6,5.362470905502121,2.268227820096275
822,HUVEC-24,2,1,5.699011400148466,4.371102270394982
823,HUVEC-24,2,2,17.233240876879012,12.927875996680537
824,HUVEC-24,2,3,6.867256009733522,3.0000265454713446
825,HUVEC-24,2,4,8.159136468713934,5.844736290710191
826,HUVEC-24,2,5,4.998322455913989,4.601170054865061
827,HUVEC-24,2,6,5.409461684041209,2.217279098034995
828,HUVEC-24,3,1,5.546110512374283,4.33020543270037
829,HUVEC-24,3,2,19.404253043137587,15.093410818907504
830,HUVEC-24,3,3,7.075598078888732,3.262623647406708
831,HUVEC-24,3,4,7.942369200966575,5.922479885424094
832,HUVEC-24,3,5,4.636897731136966,4.160603060140807
833,HUVEC-24,3,6,5.668515031987971,2.368014915943874
834,HUVEC-24,4,1,4.67469209819645,3.4146757115948834
835,HUVEC-24,4,2,18.122590139314728,13.240281680410584
836,HUVEC-24,4,3,6.647310950539329,2.8294580072995257
837,HUVEC-24,4,4,8.191357117194634,5.726451087522174
838,HUVEC-24,4,5,4.957113643745323,4.409846065439328
839,HUVEC-24,4,6,5.240434838579847,2.1349198054738547
840,RPE-01,1,1,3.9330260908448853,4.614975532163584
841,RPE-01,1,2,13.03875409163438,10.629637685646555
842,RPE-01,1,3,16.170415847332446,9.302332238802503
843,RPE-01,1,4,8.040929416557411,5.830989563980705
844,RPE-01,1,5,3.9329887303439053,3.7406340520149213
845,RPE-01,1,6,13.715474023447408,6.932791590865401
846,RPE-01,2,1,3.198096733588677,3.7235591387164693
847,RPE-01,2,2,9.698113299035407,8.11237378413112
848,RPE-01,2,3,15.037970319970862,8.780150678196483
849,RPE-01,2,4,7.712931180929209,5.824629225559535
850,RPE-01,2,5,3.4983764933301256,3.445504204555884
851,RPE-01,2,6,12.817614363385486,6.616512188193985
852,RPE-01,3,1,4.044895940012746,4.7664062311156945
853,RPE-01,3,2,11.053810590273374,9.380565732460525
854,RPE-01,3,3,19.8916977287887,11.708675582206473
855,RPE-01,3,4,7.571220441298052,5.748305351638447
856,RPE-01,3,5,3.7299688636482538,3.6282843804014915
857,RPE-01,3,6,14.423963844002067,7.516577007450371
858,RPE-01,4,1,3.2990357225591485,3.6657265998386612
859,RPE-01,4,2,10.033805952443705,7.882482333800714
860,RPE-01,4,3,15.484933493973372,8.27255782070967
861,RPE-01,4,4,7.993705669006744,5.613673504480488
862,RPE-01,4,5,3.601731622373903,3.287366218354007
863,RPE-01,4,6,13.055043697357178,6.209353772521024
864,RPE-02,1,1,3.2734528640647986,4.459021999065962
865,RPE-02,1,2,10.95764585594078,10.4183284178375
866,RPE-02,1,3,15.12011263587258,9.450100690393926
867,RPE-02,1,4,6.814166236233402,5.792912840933124
868,RPE-02,1,5,4.186989214513209,3.9902236190041513
869,RPE-02,1,6,13.72541482727249,8.106549669827766
870,RPE-02,2,1,2.6671087029692413,3.5277482586161804
871,RPE-02,2,2,7.906143696277173,7.77971670364438
872,RPE-02,2,3,13.373236984401554,8.438042131561627
873,RPE-02,2,4,6.325732714169986,5.543830291254005
874,RPE-02,2,5,3.7998815078239936,3.7165603314430493
875,RPE-02,2,6,12.026806472183821,7.077657887330913
876,RPE-02,3,1,3.3108198178278934,4.560876939361967
877,RPE-02,3,2,8.539086744382784,8.451311308910324
878,RPE-02,3,3,16.36305872805707,10.562907587990738
879,RPE-02,3,4,5.905347588774446,5.175462439345851
880,RPE-02,3,5,3.4400058164224996,3.3226957278842986
881,RPE-02,3,6,12.514914011026358,7.379971394929737
882,RPE-02,4,1,2.6644952328174147,3.4860666125028166
883,RPE-02,4,2,7.846485391839758,7.525432462968285
884,RPE-02,4,3,13.40633672862858,7.942961764506192
885,RPE-02,4,4,6.344341866381757,5.38286645339536
886,RPE-02,4,5,3.7698768888201033,3.4309307422869737
887,RPE-02,4,6,11.839289782883284,6.5086035087815715
888,RPE-03,1,1,3.067986606003402,3.8576722767799296
889,RPE-03,1,2,7.436992632878291,6.668669415327878
890,RPE-03,1,3,14.925751302149388,8.97423885188934
891,RPE-03,1,4,6.19483587958596,4.790898058650868
892,RPE-03,1,5,4.355079867623069,3.980207213068848
893,RPE-03,1,6,12.350317236665008,6.6256555697763195
894,RPE-03,2,1,3.024306594551384,3.818255162428646
895,RPE-03,2,2,7.407467309530679,6.760813806927884
896,RPE-03,2,3,14.624075208391462,8.751271238291496
897,RPE-03,2,4,6.189718048293869,4.879016362614738
898,RPE-03,2,5,4.155587357360047,3.7535379233549717
899,RPE-03,2,6,12.20478293802831,6.543443458927181
900,RPE-03,3,1,3.885373171273764,4.813632509284234
901,RPE-03,3,2,8.265586574356277,7.300753313535383
902,RPE-03,3,3,19.02462898601185,11.354899036194919
903,RPE-03,3,4,6.071204402230003,4.594936177439323
904,RPE-03,3,5,4.274288363270945,3.708714417786029
905,RPE-03,3,6,13.34722764770706,7.055689824500113
906,RPE-03,4,1,3.686377302392737,4.574983560859782
907,RPE-03,4,2,9.906751329248602,8.839219185903616
908,RPE-03,4,3,16.449707953960864,10.179070347241936
909,RPE-03,4,4,6.501049351382565,5.0304055080210945
910,RPE-03,4,5,5.253092926818055,4.662766610757748
911,RPE-03,4,6,13.25428548416534,7.148674896771661
912,RPE-04,1,1,2.356153599627606,2.8943826787039226
913,RPE-04,1,2,14.939604393847578,14.734858277875139
914,RPE-04,1,3,10.908924982145235,7.269759291111358
915,RPE-04,1,4,6.596844382100291,6.063740106767363
916,RPE-04,1,5,5.607296503983535,5.929361449315038
917,RPE-04,1,6,7.601247979448988,4.424023573522173
918,RPE-04,2,1,2.395757823795467,3.1190279779738694
919,RPE-04,2,2,13.778260751204057,13.668178074623997
920,RPE-04,2,3,11.034016398640421,7.1722424512007565
921,RPE-04,2,4,7.056639881877156,6.5432086001957455
922,RPE-04,2,5,5.720649923597064,6.303941761241134
923,RPE-04,2,6,7.48762372252229,4.393121580338929
924,RPE-04,3,1,2.1806520468248993,2.83595366746633
925,RPE-04,3,2,12.406145723324258,12.915345787343643
926,RPE-04,3,3,10.167972210564132,7.2000246669313706
927,RPE-04,3,4,6.45710106393025,6.244692852976445
928,RPE-04,3,5,5.6015669981120855,6.121106191551653
929,RPE-04,3,6,7.042548940702059,4.423420665958237
930,RPE-04,4,1,2.2015649436356184,2.8730406663637473
931,RPE-04,4,2,12.176489929100136,12.074443499539543
932,RPE-04,4,3,10.293607303074428,6.751630414993903
933,RPE-04,4,4,6.186874841714834,5.701192317826466
934,RPE-04,4,5,5.670546005298565,5.952622630222026
935,RPE-04,4,6,6.931868992842637,4.079177141648587
936,RPE-05,1,1,3.151700682454295,4.385059251941563
937,RPE-05,1,2,13.071835994720459,11.905949289990957
938,RPE-05,1,3,11.957640895595798,6.881837032990769
939,RPE-05,1,4,7.481171230217079,6.41656025320976
940,RPE-05,1,5,4.871622450940021,4.680621004268239
941,RPE-05,1,6,6.729699401112346,3.4856504986641323
942,RPE-05,2,1,2.794547669299237,3.9563546401103635
943,RPE-05,2,2,15.018557517559497,13.577526970975839
944,RPE-05,2,3,9.440820049929929,5.524228254447918
945,RPE-05,2,4,7.683897179442567,6.562404786527376
946,RPE-05,2,5,5.234422522705871,5.251502688204387
947,RPE-05,2,6,6.088366588988862,3.194784875482655
948,RPE-05,3,1,3.048957224016066,4.236691012790378
949,RPE-05,3,2,13.16246068632448,12.220425063114515
950,RPE-05,3,3,12.50020793815712,7.255770156478677
951,RPE-05,3,4,7.492140317892099,6.539912633595436
952,RPE-05,3,5,5.194343585472603,5.175211315899925
953,RPE-05,3,6,6.886332227038099,3.6041730817051807
954,RPE-05,4,1,2.6310077147050337,3.6633839472010603
955,RPE-05,4,2,12.688278105351833,11.373988852109763
956,RPE-05,4,3,8.6963196605831,4.902113135611082
957,RPE-05,4,4,7.140259259706967,6.110476872775956
958,RPE-05,4,5,5.193124387171362,4.998130512479804
959,RPE-05,4,6,5.627477460093313,2.8476436522128687
960,RPE-06,1,1,2.3382106694308193,3.3167261096176985
961,RPE-06,1,2,13.88948494428164,13.37526574929591
962,RPE-06,1,3,10.52261647311124,6.302606953875056
963,RPE-06,1,4,6.760226113455636,6.025989333607332
964,RPE-06,1,5,4.511158509687944,4.324738751647367
965,RPE-06,1,6,6.855206669151009,3.726554361359857
966,RPE-06,2,1,1.5739708132558055,2.2011157428978096
967,RPE-06,2,2,13.555334450362565,12.414439039762403
968,RPE-06,2,3,9.617267249466536,5.578433174905895
969,RPE-06,2,4,7.118985182279117,6.000266836444567
970,RPE-06,2,5,4.350554788267457,3.957403847346447
971,RPE-06,2,6,6.881547091843246,3.570536587650484
972,RPE-06,3,1,2.524696139546184,3.4432826260701606
973,RPE-06,3,2,14.479929787772042,13.438513070749181
974,RPE-06,3,3,10.925692688335072,6.377403971651124
975,RPE-06,3,4,7.1615059778287815,6.129274591499668
976,RPE-06,3,5,4.454376945247898,4.248708723245611
977,RPE-06,3,6,7.18882264719381,3.772621393455896
978,RPE-06,4,1,2.3172425356778232,3.282511037589265
979,RPE-06,4,2,13.670425123982616,13.083547007904201
980,RPE-06,4,3,10.28201977618329,6.154779589413718
981,RPE-06,4,4,6.620264846009094,5.863058223749618
982,RPE-06,4,5,4.2415867966490906,4.125821048792071
983,RPE-06,4,6,6.6824036759215515,3.624799247572256
984,RPE-07,1,1,2.1405205355062114,2.8839096515519946
985,RPE-07,1,2,12.773206878018069,13.144182528478463
986,RPE-07,1,3,11.614098462191494,7.729239757236735
987,RPE-07,1,4,6.542067874561656,6.213793019425942
988,RPE-07,1,5,5.973864883571476,6.618786184826535
989,RPE-07,1,6,7.650951924262109,4.6297400296757205
990,RPE-07,2,1,2.217388574179117,2.9785887431442912
991,RPE-07,2,2,14.154840017293955,14.922535012588428
992,RPE-07,2,3,11.166678831174776,7.612284054043053
993,RPE-07,2,4,6.30712348764593,6.167732667193212
994,RPE-07,2,5,5.274027260867032,5.718322451766087
995,RPE-07,2,6,7.625551384764832,4.657004441045268
996,RPE-07,3,1,2.143035312751671,2.8952056496280525
997,RPE-07,3,2,12.18952988958978,12.86508954506767
998,RPE-07,3,3,10.896906252031203,7.4322711186553185
999,RPE-07,3,4,6.317860671452114,6.141722820533562
1000,RPE-07,3,5,5.390575675221233,6.025635016302844
1001,RPE-07,3,6,7.27433578689377,4.490290838175584
1002,RPE-07,4,1,2.535986665007356,3.523759714692372
1003,RPE-07,4,2,13.84806133864762,14.47887051014786
1004,RPE-07,4,3,12.019257718866522,7.629860960259169
1005,RPE-07,4,4,7.183651620691473,6.879316493690398
1006,RPE-07,4,5,5.94184685991956,6.495542226666417
1007,RPE-07,4,6,7.960024152483259,4.65344299836636
1008,RPE-08,1,1,2.179591147930591,3.0322887146356083
1009,RPE-08,1,2,12.691294341892391,11.605459906007733
1010,RPE-08,1,3,10.07702670778547,7.2289453914920765
1011,RPE-08,1,4,8.31981475631912,7.327783479271564
1012,RPE-08,1,5,1.1234643118722099,1.2522315974682583
1013,RPE-08,1,6,6.709695463056688,4.286013644494116
1014,RPE-08,2,1,3.0209567701661744,4.143594682562303
1015,RPE-08,2,2,15.652893834299855,14.11765630646698
1016,RPE-08,2,3,14.614195848440195,10.556680233143158
1017,RPE-08,2,4,9.02596563487858,7.831195783096608
1018,RPE-08,2,5,1.256481356435008,1.3964691460247234
1019,RPE-08,2,6,8.311112211896228,5.337029807557266
1020,RPE-08,3,1,2.922155795159278,3.999423703603826
1021,RPE-08,3,2,18.315500977751498,16.41930850456063
1022,RPE-08,3,3,11.962624308350799,8.811334083714339
1023,RPE-08,3,4,9.652129551032921,8.321512876028224
1024,RPE-08,3,5,1.4090856886529304,1.5559628306922926
1025,RPE-08,3,6,8.016674029362665,5.138673167548542
1026,RPE-08,4,1,2.273748354478316,3.1141266919411903
1027,RPE-08,4,2,12.870694624913202,11.500589304537252
1028,RPE-08,4,3,10.192639672911012,7.227793557320174
1029,RPE-08,4,4,8.932575857484496,7.712870581720042
1030,RPE-08,4,5,1.1714248037957526,1.2682067417546796
1031,RPE-08,4,6,7.084986717669995,4.40814293443808
1032,RPE-09,1,1,2.7491353889564416,3.6085494959477526
1033,RPE-09,1,2,14.68088620049613,12.940342137236746
1034,RPE-09,1,3,13.598246543438403,7.259186612598141
1035,RPE-09,1,4,7.3468757976185195,5.797799538528814
1036,RPE-09,1,5,4.743251689068683,4.070627514082405
1037,RPE-09,1,6,8.632502010890416,4.112974687150248
1038,RPE-09,2,1,2.740370554722093,3.629374487239033
1039,RPE-09,2,2,14.873062817203882,13.527336685687633
1040,RPE-09,2,3,13.864668650425218,7.621991615608776
1041,RPE-09,2,4,7.436048389646052,6.1009779774208
1042,RPE-09,2,5,5.230168159310903,4.719999784904829
1043,RPE-09,2,6,8.852342468907857,4.379100108182853
1044,RPE-09,3,1,2.428265249574339,3.201405539504314
1045,RPE-09,3,2,14.641973414978423,13.140153571977484
1046,RPE-09,3,3,13.06692495593777,7.3104609985795825
1047,RPE-09,3,4,6.402045584344244,5.162812476926366
1048,RPE-09,3,5,5.358019636822985,4.637892296595284
1049,RPE-09,3,6,8.543355310118043,4.155187348263414
1050,RPE-09,4,1,2.6881043818089867,3.566278286574451
1051,RPE-09,4,2,14.716699247236376,12.993657233848236
1052,RPE-09,4,3,14.182174948902873,7.53119803410549
1053,RPE-09,4,4,7.383948846296831,5.888147536677842
1054,RPE-09,4,5,5.606012926473246,5.0192496554942485
1055,RPE-09,4,6,9.005547579232749,4.317639146865507
1056,RPE-10,1,1,2.678180793663124,3.082566626070037
1057,RPE-10,1,2,15.46437170598414,13.487988509718974
1058,RPE-10,1,3,11.178375931529256,7.060520989884398
1059,RPE-10,1,4,6.96158656826267,5.607120666562119
1060,RPE-10,1,5,3.774287787350741,3.8188320790330677
1061,RPE-10,1,6,7.667510459949444,4.393354995236349
1062,RPE-10,2,1,2.1845528057643344,2.4954410237971474
1063,RPE-10,2,2,14.222809550050018,12.552368855705431
1064,RPE-10,2,3,10.663429972413299,6.833192687253015
1065,RPE-10,2,4,7.181537683908042,5.796473018662925
1066,RPE-10,2,5,3.901428693300718,4.081652983586268
1067,RPE-10,2,6,7.218663128939542,4.2319785529101654
1068,RPE-10,3,1,2.948243085440103,3.4525828204085034
1069,RPE-10,3,2,14.535547361745463,13.05919492203195
1070,RPE-10,3,3,11.500545501708984,7.2674313853308705
1071,RPE-10,3,4,7.647775495207155,6.299694717779558
1072,RPE-10,3,5,4.132562259574989,4.386940513174639
1073,RPE-10,3,6,7.766327207738703,4.518664498813253
1074,RPE-10,4,1,2.693872216459993,3.042543748616744
1075,RPE-10,4,2,13.420028711294199,11.491641069247777
1076,RPE-10,4,3,11.233655780940861,6.910393432756662
1077,RPE-10,4,4,7.056595220194234,5.575968192397494
1078,RPE-10,4,5,4.547749067281748,4.586932312203049
1079,RPE-10,4,6,7.6115670328016405,4.27517771930942
1080,RPE-11,1,1,1.6984648014369763,2.5077776668082796
1081,RPE-11,1,2,13.613956376125937,12.503853420384594
1082,RPE-11,1,3,11.094878196716309,7.191173610490182
1083,RPE-11,1,4,6.658915036603024,5.736706782791425
1084,RPE-11,1,5,4.493185225285981,4.826804539067955
1085,RPE-11,1,6,7.418220607857955,4.331957833728377
1086,RPE-11,2,1,2.1012086086585873,2.944406664103993
1087,RPE-11,2,2,12.238886373551166,12.117070435805811
1088,RPE-11,2,3,11.00710039607814,7.662401060990094
1089,RPE-11,2,4,6.1375170160512456,5.698586008085122
1090,RPE-11,2,5,4.479147213795146,4.966527703005941
1091,RPE-11,2,6,7.243983628319913,4.566044698624064
1092,RPE-11,3,1,2.4114509719649173,3.419531492464172
1093,RPE-11,3,2,13.40340578166488,13.207096199084845
1094,RPE-11,3,3,11.402183202357074,7.80749971938398
1095,RPE-11,3,4,6.78453868043189,6.304324148126677
1096,RPE-11,3,5,4.09814105314367,4.491080857194985
1097,RPE-11,3,6,7.580763629838532,4.745543162402025
1098,RPE-11,4,1,2.3604749527988056,3.069563356890398
1099,RPE-11,4,2,14.898277169031813,13.677611236473897
1100,RPE-11,4,3,11.903942411309046,7.620913253202159
1101,RPE-11,4,4,6.567988812528698,5.6470986359862065
1102,RPE-11,4,5,4.611099148428203,4.579442590776369
1103,RPE-11,4,6,8.11751122506249,4.580767053259744
1104,U2OS-01,1,1,7.28165003541228,10.795044934857572
1105,U2OS-01,1,2,9.542665518723526,7.5265399518094505
1106,U2OS-01,1,3,9.398038059085994,5.0581449151828926
1107,U2OS-01,1,4,6.869802827958937,5.134400353205543
1108,U2OS-01,1,5,2.844854590180632,3.1695702448183205
1109,U2OS-01,1,6,12.832348526298226,8.049341656704799
1110,U2OS-01,2,1,7.640319879952964,11.083349395916873
1111,U2OS-01,2,2,10.153770490126176,8.022279388899392
1112,U2OS-01,2,3,10.568323308771307,5.647388040640898
1113,U2OS-01,2,4,7.388304462680569,5.517976525381859
1114,U2OS-01,2,5,3.003798850170978,3.2073109121199246
1115,U2OS-01,2,6,13.559702322080538,8.381923569928894
1116,U2OS-01,3,1,7.5748046156647915,10.834557789855506
1117,U2OS-01,3,2,10.176324082659436,7.740286260843054
1118,U2OS-01,3,3,9.956088425277116,5.231843538781225
1119,U2OS-01,3,4,7.592898604157683,5.544486850015786
1120,U2OS-01,3,5,2.9831094679894385,3.1608499618530463
1121,U2OS-01,3,6,13.587677670763684,8.301489389549541
1122,U2OS-01,4,1,7.653532387374283,10.929815983701285
1123,U2OS-01,4,2,10.501628782842067,8.246933619307988
1124,U2OS-01,4,3,10.255311947364312,5.341215998304076
1125,U2OS-01,4,4,7.692421510622099,5.728368849037191
1126,U2OS-01,4,5,3.2268870898655484,3.440835787170057
1127,U2OS-01,4,6,14.319404218103978,8.838682243202507
1128,U2OS-02,1,1,10.84770627455278,12.487885484978863
1129,U2OS-02,1,2,12.20316101668717,8.232064517129977
1130,U2OS-02,1,3,11.835485606998592,4.922103531925757
1131,U2OS-02,1,4,9.662341594696045,5.669869243515786
1132,U2OS-02,1,5,3.2251489626896848,3.600384268340717
1133,U2OS-02,1,6,15.976159715033196,7.477229258649193
1134,U2OS-02,2,1,11.639307994347114,13.120455818986594
1135,U2OS-02,2,2,12.587428359242228,8.501736987590604
1136,U2OS-02,2,3,12.836769450794566,5.363015159335897
1137,U2OS-02,2,4,10.095240481488116,5.91303658411386
1138,U2OS-02,2,5,3.0531122281953884,3.5141681702323786
1139,U2OS-02,2,6,16.723185378235655,7.9686578330002735
1140,U2OS-02,3,1,10.871031761169434,12.642349394349674
1141,U2OS-02,3,2,12.008316454949316,8.218838505011819
1142,U2OS-02,3,3,11.468108561131862,4.797462945589919
1143,U2OS-02,3,4,9.729529919562403,5.793253610693116
1144,U2OS-02,3,5,3.14106255692321,3.547794496238786
1145,U2OS-02,3,6,15.917418486112124,7.619083785267838
1146,U2OS-02,4,1,11.28542744648921,12.532849508455294
1147,U2OS-02,4,2,13.287639518836876,8.866359439404544
1148,U2OS-02,4,3,12.95937849020029,5.180129276717941
1149,U2OS-02,4,4,10.786224668676203,6.326157193758811
1150,U2OS-02,4,5,3.7445397500867967,3.9551408041184875
1151,U2OS-02,4,6,18.079853286990872,8.325269771233868
1152,U2OS-03,1,1,9.172869385062874,12.080358204908176
1153,U2OS-03,1,2,12.552620510002235,9.60870322586392
1154,U2OS-03,1,3,11.696633493745482,5.802300429583832
1155,U2OS-03,1,4,8.891119839309098,6.260134306245201
1156,U2OS-03,1,5,2.939756071412718,3.681056598642905
1157,U2OS-03,1,6,13.480756097025685,7.683481336485323
1158,U2OS-03,2,1,9.234182165814685,12.252590454446532
1159,U2OS-03,2,2,12.89906422503583,9.998464300886384
1160,U2OS-03,2,3,11.862401782692253,6.069035107662842
1161,U2OS-03,2,4,9.133245468139648,6.532318384629805
1162,U2OS-03,2,5,3.00912889257654,3.8793416907058926
1163,U2OS-03,2,6,13.78642986347149,8.107099898400516
1164,U2OS-03,3,1,9.605104873706768,12.88102634123019
1165,U2OS-03,3,2,13.882183756147112,10.817659390646018
1166,U2OS-03,3,3,11.99952590620363,6.098051828664673
1167,U2OS-03,3,4,9.842411332316212,7.087847679305885
1168,U2OS-03,3,5,3.2790244399727166,4.180232242468376
1169,U2OS-03,3,6,14.806345568074809,8.583737906294697
1170,U2OS-03,4,1,8.359418150666473,11.159833914205521
1171,U2OS-03,4,2,12.493260891406567,9.671608985868545
1172,U2OS-03,4,3,10.824419071147968,5.587532479676199
1173,U2OS-03,4,4,8.737163209295892,6.21841489287607
1174,U2OS-03,4,5,3.1577162247199517,4.016076030181897
1175,U2OS-03,4,6,12.887378376799745,7.335752476683074
1176,U2OS-04,1,1,11.09246285550006,11.119193999921656
1177,U2OS-04,1,2,56.73625264848982,30.614981630160454
1178,U2OS-04,1,3,22.492642706090752,7.964978859197548
1179,U2OS-04,1,4,30.279501834473052,15.176091234291427
1180,U2OS-04,1,5,28.97030298431198,15.407978748363224
1181,U2OS-04,1,6,26.815365487878974,11.655490904425948
1182,U2OS-04,2,1,10.219674259037166,10.498217277685193
1183,U2OS-04,2,2,54.8679696120225,30.2521605919923
1184,U2OS-04,2,3,21.62037061096786,7.630512966995833
1185,U2OS-04,2,4,28.56203078604364,14.613590876009672
1186,U2OS-04,2,5,28.528412565008388,15.2640574006972
1187,U2OS-04,2,6,25.851487004911746,11.348233492535483
1188,U2OS-04,3,1,10.661187642580503,10.980205516776984
1189,U2OS-04,3,2,53.33761505647139,29.67183011864706
1190,U2OS-04,3,3,21.355552555678727,7.640238217750056
1191,U2OS-04,3,4,28.113278605721213,14.485916947899506
1192,U2OS-04,3,5,28.82781357579417,15.419799664116534
1193,U2OS-04,3,6,24.850327826165532,10.985259879384374
1194,U2OS-04,4,1,10.67430932181222,10.805033660152306
1195,U2OS-04,4,2,57.100789039165946,30.583199393697686
1196,U2OS-04,4,3,21.34874442955116,7.487620709458582
1197,U2OS-04,4,4,30.04803554733078,15.112095062215072
1198,U2OS-04,4,5,29.269430042861345,15.693276124566744
1199,U2OS-04,4,6,25.454753615639426,11.10831470076381
1200,U2OS-05,1,1,3.7115697954521805,5.276401676220196
1201,U2OS-05,1,2,10.350568615022253,8.171098391523017
1202,U2OS-05,1,3,7.681289172563397,4.158799170822281
1203,U2OS-05,1,4,6.408142264944608,4.765662197545733
1204,U2OS-05,1,5,4.1086857404865205,4.204414800112488
1205,U2OS-05,1,6,6.266566192126665,3.2567937579251125
1206,U2OS-05,2,1,4.439015166485896,6.667570780008838
1207,U2OS-05,2,2,9.437120024884333,7.774870358926023
1208,U2OS-05,2,3,7.593683230290647,4.310548349596223
1209,U2OS-05,2,4,5.998760048287814,4.627783447448177
1210,U2OS-05,2,5,3.750533757444288,4.0978804776005555
1211,U2OS-05,2,6,6.1627484368496255,3.3093909620914057
1212,U2OS-05,3,1,4.784639019715159,6.757702432697053
1213,U2OS-05,3,2,11.463539983096876,9.171800333417929
1214,U2OS-05,3,3,8.108230170450712,4.527388356961976
1215,U2OS-05,3,4,6.383876204490662,4.735578180279178
1216,U2OS-05,3,5,3.835631910123323,4.176875807036517
1217,U2OS-05,3,6,6.821972489356995,3.53019761655183
1218,U2OS-05,4,1,5.298139609542548,7.8012171583890435
1219,U2OS-05,4,2,10.346834488164365,8.513808841367512
1220,U2OS-05,4,3,7.869198206982581,4.456247526201475
1221,U2OS-05,4,4,6.624791550480462,5.105850246777182
1222,U2OS-05,4,5,3.5602389254601174,4.0042695969516435
1223,U2OS-05,4,6,6.4055736516815385,3.460402481901438
